id,first_name,last_name,email,gender,ip_address,iban
1,Rosabel,Lapre,rlapre0@amazon.de,Female,223.66.160.218,AD70 8712 7358 BJWE 0OPH FTDP
2,Filia,Schooley,fschooley1@is.gd,Female,186.47.58.63,MC34 6297 5461 123C E6JV NN0I 861
3,Emyle,Godbold,egodbold2@bravesites.com,Female,126.22.37.229,FR63 7864 5908 62U6 MNNQ NLUH B51
4,Batholomew,Hallagan,bhallagan3@xing.com,Male,102.132.196.18,FR91 2171 1801 83RQ FBDJ 5ZOF O98
5,Jewell,Kropp,jkropp4@list-manage.com,Female,233.180.42.10,FR25 4533 8536 82L3 YJNU XFKV V13
6,Reggy,Penney,rpenney5@usnews.com,Male,54.145.81.171,ME22 7609 4656 7720 2010 04
7,Derwin,Aleevy,daleevy6@ning.com,Male,15.70.60.164,GR57 8877 476L BTNZ IHRN Q0X8 USB
8,Georgia,Edinborough,gedinborough7@skype.com,Female,74.14.173.14,BA26 7480 5501 9450 8471
9,Yard,MacKinnon,ymackinnon8@nydailynews.com,Male,252.49.75.114,FI36 2239 1009 5206 51
10,Granville,Ollander,gollander9@hao123.com,Male,151.39.67.133,LU97 341Z SV2R YURO PKX5
11,Borg,Engall,bengalla@feedburner.com,Male,142.180.1.65,GT70 82NO Q3LF FPZS MQYA K2OJ GQEL
12,Harper,Giron,hgironb@discovery.com,Male,213.181.202.111,MU62 TAMJ 1050 6790 4238 6520 669E HJ
13,Ennis,Fuster,efusterc@tinyurl.com,Male,144.249.88.62,GB77 LBNG 1595 2542 4226 70
14,Julie,Folker,jfolkerd@squidoo.com,Male,78.208.140.12,MD77 ZDBT AXRV VO6Z YUDT CBIU
15,Jayme,Dennett,jdennette@google.co.uk,Female,238.116.192.43,LU86 354F XYAG US6W PKYW
16,Maryrose,Humerstone,mhumerstonef@usa.gov,Female,86.74.189.127,GI06 IFGT GFI7 GHW4 HNLJ OSS
17,Dacie,Alexis,dalexisg@storify.com,Female,60.239.235.1,SA22 12N0 NBV0 XDYR HRA9 WNGH
18,Joly,Grim,jgrimh@walmart.com,Female,208.111.54.13,CY32 7032 3979 GKCQ XUZJ JBVZ VZ8U
19,Samantha,Chapiro,schapiroi@loc.gov,Female,75.255.108.42,IS19 2575 5452 2873 2151 0356 39
20,Bartholomew,Nolin,bnolinj@g.co,Male,53.93.183.169,AZ68 PSCT WMRH ABZL SCBR EFSM WXUD
21,Marty,Mandel,mmandelk@soup.io,Male,233.238.226.101,MD04 8JUR GIF0 FVCN B4TJ OTGS
22,Shepherd,Yuryev,syuryevl@a8.net,Male,200.116.91.65,KW21 RWQX KNE3 BVIH 8IHQ FVCO ZKNV JZ
23,Karlotta,Cavozzi,kcavozzim@unc.edu,Female,28.31.221.121,DO35 0GDT 1248 3382 6463 7178 7192
24,Adena,Akitt,aakittn@gov.uk,Female,142.255.201.94,FR30 2329 3287 40TU WQTZ DRSD G70
25,Barbra,Hundley,bhundleyo@oakley.com,Female,211.14.236.180,GL71 7402 1537 1370 24
26,Stanleigh,Varren,svarrenp@miibeian.gov.cn,Male,99.255.81.112,LV29 MTHL R7ZO JU0X NKSS I
27,Dayle,Tomashov,dtomashovq@lulu.com,Female,190.93.203.86,LV90 VVJZ BFR0 JPQG CWIQ S
28,Jasmina,Dami,jdamir@last.fm,Female,121.4.84.172,FR86 3681 8336 23IU 76DY HMLQ Q34
29,Kerry,Heinlein,kheinleins@shop-pro.jp,Male,222.57.244.108,FO21 5455 2136 4060 13
30,Calli,Casin,ccasint@miitbeian.gov.cn,Female,61.87.84.153,GL97 0182 5535 1811 15
31,Kym,Le Clercq,kleclercqu@reuters.com,Female,112.52.234.222,CZ42 3721 4864 6106 9452 3149
32,Micheline,Swede,mswedev@tamu.edu,Female,133.114.96.166,AT72 0871 6809 3283 0925
33,Blondy,Gellion,bgellionw@furl.net,Female,254.89.194.102,MT62 MEPQ 0582 4R69 XOOQ 7WEX NMYK FOJ
34,Coralie,Videan,cvideanx@bloglovin.com,Female,129.133.14.229,CZ88 8072 1618 5092 0031 1933
35,Marietta,Majury,mmajuryy@mayoclinic.com,Female,168.120.228.246,AZ84 NCRT OLJH YLF4 G25B T8QY Q2ZW
36,Irena,Rupert,irupertz@goo.gl,Female,151.87.107.152,PT25 4404 5317 3845 0658 1813 0
37,Kali,Rapelli,krapelli10@mapquest.com,Female,14.140.177.157,FR71 2980 2924 98KV MADF C284 C15
38,Huntlee,Baston,hbaston11@blogs.com,Male,14.130.126.243,FR54 9217 1474 033H YFST CFGV D34
39,Kathye,Kopfen,kkopfen12@bravesites.com,Female,116.197.7.113,TN08 1569 0981 9288 1298 7909
40,Reid,Andrysek,randrysek13@wikispaces.com,Male,187.192.111.194,CY96 9337 1907 2MMA ITEF NMG6 XRFX
41,Guillermo,Cutmore,gcutmore14@ow.ly,Male,176.165.148.188,GB27 NHKT 6746 3442 5382 47
42,Zarah,Dmitr,zdmitr15@bigcartel.com,Female,215.191.255.180,FR39 1440 6242 025K SSBL 9G7R 836
43,Darius,Dwyer,ddwyer16@homestead.com,Male,228.186.214.223,CH64 4272 2H0B DQFK DMMT P
44,Lorilee,Bartalini,lbartalini17@scribd.com,Female,24.102.74.169,DK49 9710 2820 5515 66
45,Florette,Grant,fgrant18@webs.com,Female,206.80.94.63,MD29 BYQZ TM1Z XZKL DLMB 2AFJ
46,Ofilia,Argont,oargont19@sbwire.com,Female,145.136.252.127,IL44 8684 6924 5801 5478 520
47,Lynnett,Hannabus,lhannabus1a@drupal.org,Female,116.142.155.91,FR06 4370 9898 01TY K2IW XBZF 910
48,Geraldine,Bradder,gbradder1b@webeden.co.uk,Female,240.52.146.80,CR21 1922 2400 6467 1071 4
49,Henriette,Punyer,hpunyer1c@cnbc.com,Female,150.222.161.177,BR77 8209 5187 4640 8443 1258 612H 9
50,Harper,Burleigh,hburleigh1d@nationalgeographic.com,Male,181.224.26.59,AE14 5728 9140 7116 7250 577
51,Zorine,Shackesby,zshackesby1e@imdb.com,Female,150.119.42.159,AT37 1879 6955 9692 2316
52,Verile,Rawlyns,vrawlyns1f@spiegel.de,Female,97.15.200.116,PS88 NFFF PBLA N6MT HTVY NCAY 0WQO S
53,Mayne,Marder,mmarder1g@shop-pro.jp,Male,219.189.37.253,MC65 4103 3641 36F2 LD6X 8WFA Z49
54,Broddy,Pilsworth,bpilsworth1h@webmd.com,Male,230.38.238.238,AT58 2271 6652 4874 1840
55,Bret,Sibbering,bsibbering1i@home.pl,Male,205.24.57.233,TN98 8812 7917 1824 2275 8944
56,Elinor,Sharkey,esharkey1j@ask.com,Female,16.224.83.229,SM62 A871 2781 118V C7DY 32LT 7L0
57,Claribel,Abbes,cabbes1k@artisteer.com,Female,5.71.249.229,IS09 4746 1784 8098 1727 9295 58
58,Angelina,Jenyns,ajenyns1l@gizmodo.com,Female,66.59.89.8,FR52 0216 6444 808P PE6E VCEV 946
59,Evita,O'Monahan,eomonahan1m@freewebs.com,Female,166.120.40.127,FR74 3941 0967 76OB N79X 7OKG Z37
60,Whitney,Daunay,wdaunay1n@blinklist.com,Female,138.29.157.217,NL15 SVBF 6374 7789 11
61,Mirelle,Shorey,mshorey1o@1und1.de,Female,105.140.140.24,FI97 4738 4589 7268 54
62,Cherianne,Loren,cloren1p@wsj.com,Female,117.110.7.236,MR15 4170 4248 5201 6076 1338 058
63,Cathrin,Ciotto,cciotto1q@mlb.com,Female,124.101.106.164,BH89 RVXC EC2Y UQRC W7FG QF
64,Celestyna,Giovannardi,cgiovannardi1r@state.gov,Female,102.65.252.135,TN91 5024 1202 4584 6875 1309
65,Nesta,Feasey,nfeasey1s@lycos.com,Female,102.54.206.47,CZ45 8064 6034 5797 6572 4183
66,Aguie,Fochs,afochs1t@cloudflare.com,Male,130.168.103.89,SE32 9405 4367 2070 5440 8722
67,Jessi,Dell Casa,jdellcasa1u@ovh.net,Female,121.68.84.59,PT98 4908 7832 5650 6174 8491 2
68,Haley,Cozins,hcozins1v@amazon.co.uk,Female,58.124.152.183,CY26 6642 9613 GVVT LRFM N5OM NY57
69,Iseabal,Immins,iimmins1w@netscape.com,Female,228.174.9.127,BG14 ORXT 2479 167P QIPK B7
70,Kiley,Tatteshall,ktatteshall1x@google.nl,Male,193.16.153.72,HR54 0942 3001 4806 0601 4
71,Colman,Tather,ctather1y@de.vu,Male,47.25.214.207,AZ61 KTHQ NE70 YJSK GZUK B2MW UKUU
72,Delaney,Pawelski,dpawelski1z@indiegogo.com,Male,139.242.224.192,AT14 2465 5085 6418 6441
73,Dosi,Woodley,dwoodley20@symantec.com,Female,53.221.252.219,EE41 6036 7878 7150 8742
74,Kit,Chazette,kchazette21@cisco.com,Male,171.194.157.99,IS89 9369 7280 2567 9583 5876 09
75,Lemar,Critten,lcritten22@hibu.com,Male,71.213.18.78,FR02 5845 3218 80JP O2QR 4CZM T35
76,Miquela,Tollit,mtollit23@sciencedaily.com,Female,189.138.16.73,MU58 STXV 0421 1319 4608 9146 638S FU
77,Cathie,Branwhite,cbranwhite24@opensource.org,Female,65.28.10.36,FR98 4146 0269 21TF A4W7 Z8XB Y61
78,Jean,Duckers,jduckers25@constantcontact.com,Male,179.40.80.222,AT37 3975 5603 4528 9563
79,Gregorius,Teulier,gteulier26@wired.com,Male,31.109.202.246,CH02 6539 9TGQ YPLQ ORQX Z
80,Sari,Frankom,sfrankom27@webnode.com,Female,145.67.171.23,GT96 SOWO QQ9C P81K NNSJ FMAK MWK5
81,Alexa,Zmitrovich,azmitrovich28@photobucket.com,Female,86.225.176.186,FR88 4365 5858 64WI FWKT JDSP 307
82,Philly,Bathow,pbathow29@examiner.com,Female,58.159.53.76,MR55 0960 0006 8719 0227 9587 178
83,Kelley,Kelemen,kkelemen2a@merriam-webster.com,Female,249.220.85.207,LU79 280E DEYL XZUQ 93TU
84,Tanney,McGrale,tmcgrale2b@un.org,Male,162.169.133.65,AZ43 IYPT 5D5T C5WG UJZX 5QEA SXAL
85,Blair,Mulvihill,bmulvihill2c@disqus.com,Male,72.241.255.214,EE58 3333 4087 5982 3038
86,Hermie,Scutcheon,hscutcheon2d@wikia.com,Male,142.117.76.182,NL92 YXUP 7263 6564 47
87,Dallas,Rigler,drigler2e@wordpress.com,Female,215.122.19.88,PS86 OGPA 44BQ QN2N NAUP KQ20 J02G L
88,Alejoa,Boyen,aboyen2f@macromedia.com,Male,161.79.167.75,FR41 1473 5707 02KQ SYDP CLYL G63
89,Piggy,Loyley,ployley2g@so-net.ne.jp,Male,222.66.34.247,AL90 8283 7145 NI1A 8UDZ ARPS 7ZHW
90,Agna,Petofi,apetofi2h@hc360.com,Female,207.198.84.183,FR31 2479 9775 0210 QXCA THCV A50
91,Marwin,Pinniger,mpinniger2i@loc.gov,Male,195.103.114.83,MR36 3245 7210 3693 2102 5823 966
92,Bev,Brelsford,bbrelsford2j@amazonaws.com,Male,55.125.152.6,GL18 7903 3686 1850 95
93,Tallia,Jewess,tjewess2k@nifty.com,Female,145.126.62.188,VG98 DECB 3211 6543 0391 0797
94,Binky,De Vile,bdevile2l@paginegialle.it,Male,8.54.28.250,PL08 6453 5846 2079 9119 4042 0848
95,Shep,Farndell,sfarndell2m@networksolutions.com,Male,190.133.159.111,RS21 9544 7259 9227 3025 03
96,Iolande,Raddon,iraddon2n@storify.com,Female,207.164.79.212,MT34 TGWP 2846 6O9O MOIP BQYB EUPL YKZ
97,Baron,Blanko,bblanko2o@reverbnation.com,Male,126.50.114.200,FI19 1180 3950 7743 53
98,Bernice,De Miranda,bdemiranda2p@vk.com,Female,175.232.140.135,SI95 0090 1880 8605 369
99,Bevin,Ziehms,bziehms2q@fc2.com,Male,141.237.177.70,BH70 HHNA UVIS AKS5 GTX7 O0
100,Martelle,Gallego,mgallego2r@usatoday.com,Female,17.233.135.6,SM17 S191 0773 503K JTGW IYPA SAZ
